timeStamp,elapsed,label,responseCode,responseMessage,threadName,dataType,success,failureMessage,bytes,sentBytes,grpThreads,allThreads,URL,Latency,IdleTime,Connect
1666023696692,22251,getAllModules,200,OK,Access Management 1-13,text,true,,3034120,2647,60,60,https://ms.oodleslab.com/zuul/api/v1/securityGroup/getAllModules,21545,0,244
1666023718946,1376,getAllRolesAndGrades,200,OK,Access Management 1-13,text,true,,9679,2684,60,60,https://ms.oodleslab.com/zuul/api/v1/securityGroup/getAllRolesAndGrades?securityId=12&typeOfSecurity=,1375,0,0
1666023695972,27446,getAllModules,200,OK,Access Management 1-1,text,true,,3034403,2647,60,60,https://ms.oodleslab.com/zuul/api/v1/securityGroup/getAllModules,26089,0,969
1666023696124,27967,getAllModules,200,OK,Access Management 1-6,text,true,,3034652,2647,60,60,https://ms.oodleslab.com/zuul/api/v1/securityGroup/getAllModules,26116,0,814
1666023697024,27425,getAllModules,200,OK,Access Management 1-17,text,true,,3034806,2647,60,60,https://ms.oodleslab.com/zuul/api/v1/securityGroup/getAllModules,25810,0,100
1666023723421,1992,getAllRolesAndGrades,200,OK,Access Management 1-1,text,true,,9685,2684,60,60,https://ms.oodleslab.com/zuul/api/v1/securityGroup/getAllRolesAndGrades?securityId=12&typeOfSecurity=,1992,0,0
1666023724092,1561,getAllRolesAndGrades,200,OK,Access Management 1-6,text,true,,9689,2684,60,60,https://ms.oodleslab.com/zuul/api/v1/securityGroup/getAllRolesAndGrades?securityId=12&typeOfSecurity=,1561,0,0
1666023724450,1774,getAllRolesAndGrades,200,OK,Access Management 1-17,text,true,,9689,2684,60,60,https://ms.oodleslab.com/zuul/api/v1/securityGroup/getAllRolesAndGrades?securityId=12&typeOfSecurity=,1773,0,0
1666023697356,32126,getAllModules,200,OK,Access Management 1-21,text,true,,3034833,2647,60,60,https://ms.oodleslab.com/zuul/api/v1/securityGroup/getAllModules,27327,0,158
1666023729482,3070,getAllRolesAndGrades,200,OK,Access Management 1-21,text,true,,9685,2684,60,60,https://ms.oodleslab.com/zuul/api/v1/securityGroup/getAllRolesAndGrades?securityId=12&typeOfSecurity=,3070,0,0
1666023720325,12921,getAllUserGrants,200,OK,Access Management 1-13,text,true,,5782,2664,60,60,https://ms.oodleslab.com/zuul/api/v1/securityGroup/getAllUserGrants?securityId=12,12920,0,0
1666023733246,1335,getProjectNavs,200,OK,Access Management 1-13,text,true,,7060,2690,60,60,https://ms.oodleslab.com/zuul/api/v1/securityGroupProjectDashboard/getProjectNavs?concernedId=33&userId=405,1335,0,0
1666023726224,8357,getAllUserGrants,200,OK,Access Management 1-17,text,true,,5784,2664,60,60,https://ms.oodleslab.com/zuul/api/v1/securityGroup/getAllUserGrants?securityId=12,8357,0,0
1666023725414,9168,getAllUserGrants,200,OK,Access Management 1-1,text,true,,5784,2664,60,60,https://ms.oodleslab.com/zuul/api/v1/securityGroup/getAllUserGrants?securityId=12,9168,0,0
1666023734582,1145,getNavigations,200,OK,Access Management 1-13,text,true,,38565,2659,60,60,https://ms.oodleslab.com/zuul/api/v1/securityGroup/getNavigations?userId=405,854,0,0
1666023725655,10223,getAllUserGrants,200,OK,Access Management 1-6,text,true,,5784,2664,59,59,https://ms.oodleslab.com/zuul/api/v1/securityGroup/getAllUserGrants?securityId=12,10222,0,0
1666023734583,1369,getProjectNavs,200,OK,Access Management 1-17,text,true,,7066,2690,59,59,https://ms.oodleslab.com/zuul/api/v1/securityGroupProjectDashboard/getProjectNavs?concernedId=33&userId=405,1368,0,0
1666023697522,38476,getAllModules,200,OK,Access Management 1-23,text,true,,3034874,2647,59,59,https://ms.oodleslab.com/zuul/api/v1/securityGroup/getAllModules,27935,0,309
1666023734583,1470,getProjectNavs,200,OK,Access Management 1-1,text,true,,7078,2690,59,59,https://ms.oodleslab.com/zuul/api/v1/securityGroupProjectDashboard/getProjectNavs?concernedId=33&userId=405,1470,0,0
1666023735954,615,getNavigations,200,OK,Access Management 1-17,text,true,,38567,2659,59,59,https://ms.oodleslab.com/zuul/api/v1/securityGroup/getNavigations?userId=405,560,0,0
1666023735999,658,getAllRolesAndGrades,200,OK,Access Management 1-23,text,true,,9683,2684,58,58,https://ms.oodleslab.com/zuul/api/v1/securityGroup/getAllRolesAndGrades?securityId=12&typeOfSecurity=,658,0,0
1666023735879,783,getProjectNavs,200,OK,Access Management 1-6,text,true,,7068,2690,58,58,https://ms.oodleslab.com/zuul/api/v1/securityGroupProjectDashboard/getProjectNavs?concernedId=33&userId=405,783,0,0
1666023736056,617,getNavigations,200,OK,Access Management 1-1,text,true,,38568,2659,58,58,https://ms.oodleslab.com/zuul/api/v1/securityGroup/getNavigations?userId=405,372,0,0
1666023736663,463,getNavigations,200,OK,Access Management 1-6,text,true,,38580,2659,57,57,https://ms.oodleslab.com/zuul/api/v1/securityGroup/getNavigations?userId=405,403,0,0
1666023732554,5280,getAllUserGrants,200,OK,Access Management 1-21,text,true,,5788,2664,56,56,https://ms.oodleslab.com/zuul/api/v1/securityGroup/getAllUserGrants?securityId=12,5277,0,0
1666023737836,1155,getProjectNavs,200,OK,Access Management 1-21,text,true,,7070,2690,56,56,https://ms.oodleslab.com/zuul/api/v1/securityGroupProjectDashboard/getProjectNavs?concernedId=33&userId=405,730,0,0
1666023738993,753,getNavigations,200,OK,Access Management 1-21,text,true,,38563,2659,56,56,https://ms.oodleslab.com/zuul/api/v1/securityGroup/getNavigations?userId=405,538,0,0
1666023736658,4324,getAllUserGrants,200,OK,Access Management 1-23,text,true,,5788,2664,55,55,https://ms.oodleslab.com/zuul/api/v1/securityGroup/getAllUserGrants?securityId=12,4323,0,0
1666023697605,43859,getAllModules,200,OK,Access Management 1-24,text,true,,3034636,2647,55,55,https://ms.oodleslab.com/zuul/api/v1/securityGroup/getAllModules,28109,0,276
1666023741465,420,getAllRolesAndGrades,200,OK,Access Management 1-24,text,true,,9681,2684,55,55,https://ms.oodleslab.com/zuul/api/v1/securityGroup/getAllRolesAndGrades?securityId=12&typeOfSecurity=,420,0,0
1666023740982,1046,getProjectNavs,200,OK,Access Management 1-23,text,true,,7072,2690,55,55,https://ms.oodleslab.com/zuul/api/v1/securityGroupProjectDashboard/getProjectNavs?concernedId=33&userId=405,1046,0,0
1666023742029,542,getNavigations,200,OK,Access Management 1-23,text,true,,38574,2659,55,55,https://ms.oodleslab.com/zuul/api/v1/securityGroup/getNavigations?userId=405,324,0,0
1666023698435,46414,getAllModules,200,OK,Access Management 1-34,text,true,,3034465,2647,54,54,https://ms.oodleslab.com/zuul/api/v1/securityGroup/getAllModules,29217,0,93
1666023744851,304,getAllRolesAndGrades,200,OK,Access Management 1-34,text,true,,9681,2684,54,54,https://ms.oodleslab.com/zuul/api/v1/securityGroup/getAllRolesAndGrades?securityId=12&typeOfSecurity=,303,0,0
1666023697692,47787,getAllModules,200,OK,Access Management 1-25,text,true,,3034468,2647,54,54,https://ms.oodleslab.com/zuul/api/v1/securityGroup/getAllModules,29003,0,225
1666023700594,45585,getAllModules,200,OK,Access Management 1-60,text,true,,3034998,2647,54,54,https://ms.oodleslab.com/zuul/api/v1/securityGroup/getAllModules,28937,0,166
1666023741886,4383,getAllUserGrants,200,OK,Access Management 1-24,text,true,,5786,2664,54,54,https://ms.oodleslab.com/zuul/api/v1/securityGroup/getAllUserGrants?securityId=12,4254,0,0
1666023698773,47570,getAllModules,200,OK,Access Management 1-38,text,true,,3034964,2647,54,54,https://ms.oodleslab.com/zuul/api/v1/securityGroup/getAllModules,30063,0,439
1666023699521,46871,getAllModules,200,OK,Access Management 1-47,text,true,,3034919,2647,54,54,https://ms.oodleslab.com/zuul/api/v1/securityGroup/getAllModules,29941,0,1100
1666023698601,47832,getAllModules,200,OK,Access Management 1-36,text,true,,3035085,2647,54,54,https://ms.oodleslab.com/zuul/api/v1/securityGroup/getAllModules,30672,0,1126
1666023746180,363,getAllRolesAndGrades,200,OK,Access Management 1-60,text,true,,9685,2684,54,54,https://ms.oodleslab.com/zuul/api/v1/securityGroup/getAllRolesAndGrades?securityId=12&typeOfSecurity=,362,0,0
1666023746344,352,getAllRolesAndGrades,200,OK,Access Management 1-38,text,true,,9685,2684,54,54,https://ms.oodleslab.com/zuul/api/v1/securityGroup/getAllRolesAndGrades?securityId=12&typeOfSecurity=,351,0,0
1666023746392,400,getAllRolesAndGrades,200,OK,Access Management 1-47,text,true,,9692,2684,54,54,https://ms.oodleslab.com/zuul/api/v1/securityGroup/getAllRolesAndGrades?securityId=12&typeOfSecurity=,384,0,0
1666023745480,1398,getAllRolesAndGrades,200,OK,Access Management 1-25,text,true,,9681,2684,54,54,https://ms.oodleslab.com/zuul/api/v1/securityGroup/getAllRolesAndGrades?securityId=12&typeOfSecurity=,1398,0,0
1666023746434,642,getAllRolesAndGrades,200,OK,Access Management 1-36,text,true,,9687,2684,54,54,https://ms.oodleslab.com/zuul/api/v1/securityGroup/getAllRolesAndGrades?securityId=12&typeOfSecurity=,642,0,0
1666023746270,1237,getProjectNavs,200,OK,Access Management 1-24,text,true,,7064,2690,54,54,https://ms.oodleslab.com/zuul/api/v1/securityGroupProjectDashboard/getProjectNavs?concernedId=33&userId=405,1237,0,0
1666023699598,48146,getAllModules,200,OK,Access Management 1-48,text,true,,3034656,2647,54,54,https://ms.oodleslab.com/zuul/api/v1/securityGroup/getAllModules,29259,0,127
1666023747744,469,getAllRolesAndGrades,200,OK,Access Management 1-48,text,true,,9685,2684,54,54,https://ms.oodleslab.com/zuul/api/v1/securityGroup/getAllRolesAndGrades?securityId=12&typeOfSecurity=,469,0,0
1666023747507,979,getNavigations,200,OK,Access Management 1-24,text,true,,38564,2659,54,54,https://ms.oodleslab.com/zuul/api/v1/securityGroup/getNavigations?userId=405,389,0,0
1666023699104,49668,getAllModules,200,OK,Access Management 1-42,text,true,,3034182,2647,53,53,https://ms.oodleslab.com/zuul/api/v1/securityGroup/getAllModules,29080,0,97
1666023699273,50207,getAllModules,200,OK,Access Management 1-44,text,true,,3034744,2647,53,53,https://ms.oodleslab.com/zuul/api/v1/securityGroup/getAllModules,28856,0,105
1666023748773,946,getAllRolesAndGrades,200,OK,Access Management 1-42,text,true,,9687,2684,53,53,https://ms.oodleslab.com/zuul/api/v1/securityGroup/getAllRolesAndGrades?securityId=12&typeOfSecurity=,946,0,0
1666023698189,51734,getAllModules,200,OK,Access Management 1-31,text,true,,3034338,2647,53,53,https://ms.oodleslab.com/zuul/api/v1/securityGroup/getAllModules,29327,0,98
1666023698352,51593,getAllModules,200,OK,Access Management 1-33,text,true,,3034286,2647,53,53,https://ms.oodleslab.com/zuul/api/v1/securityGroup/getAllModules,30119,0,1126
1666023749481,579,getAllRolesAndGrades,200,OK,Access Management 1-44,text,true,,9679,2684,53,53,https://ms.oodleslab.com/zuul/api/v1/securityGroup/getAllRolesAndGrades?securityId=12&typeOfSecurity=,578,0,0
1666023749946,556,getAllRolesAndGrades,200,OK,Access Management 1-33,text,true,,9693,2684,53,53,https://ms.oodleslab.com/zuul/api/v1/securityGroup/getAllRolesAndGrades?securityId=12&typeOfSecurity=,556,0,0
1666023749924,754,getAllRolesAndGrades,200,OK,Access Management 1-31,text,true,,9685,2684,53,53,https://ms.oodleslab.com/zuul/api/v1/securityGroup/getAllRolesAndGrades?securityId=12&typeOfSecurity=,754,0,0
1666023697937,53009,getAllModules,200,OK,Access Management 1-28,text,true,,3034520,2647,53,53,https://ms.oodleslab.com/zuul/api/v1/securityGroup/getAllModules,28809,0,88
1666023750947,1045,getAllRolesAndGrades,200,OK,Access Management 1-28,text,true,,9687,2684,53,53,https://ms.oodleslab.com/zuul/api/v1/securityGroup/getAllRolesAndGrades?securityId=12&typeOfSecurity=,1045,0,0
1666023700178,52633,getAllModules,200,OK,Access Management 1-55,text,true,,3034219,2647,53,53,https://ms.oodleslab.com/zuul/api/v1/securityGroup/getAllModules,28368,0,121
1666023752812,764,getAllRolesAndGrades,200,OK,Access Management 1-55,text,true,,9683,2684,53,53,https://ms.oodleslab.com/zuul/api/v1/securityGroup/getAllRolesAndGrades?securityId=12&typeOfSecurity=,764,0,0
1666023698102,56382,getAllModules,200,OK,Access Management 1-30,text,true,,3034550,2647,53,53,https://ms.oodleslab.com/zuul/api/v1/securityGroup/getAllModules,28148,0,95
1666023745156,9499,getAllUserGrants,200,OK,Access Management 1-34,text,true,,5780,2664,53,53,https://ms.oodleslab.com/zuul/api/v1/securityGroup/getAllUserGrants?securityId=12,9499,0,0
1666023697854,57771,getAllModules,200,OK,Access Management 1-27,text,true,,3034365,2647,53,53,https://ms.oodleslab.com/zuul/api/v1/securityGroup/getAllModules,29144,0,449
1666023699765,56040,getAllModules,200,OK,Access Management 1-50,text,true,,3034190,2647,53,53,https://ms.oodleslab.com/zuul/api/v1/securityGroup/getAllModules,28737,0,129
1666023755625,938,getAllRolesAndGrades,200,OK,Access Management 1-27,text,true,,9685,2684,53,53,https://ms.oodleslab.com/zuul/api/v1/securityGroup/getAllRolesAndGrades?securityId=12&typeOfSecurity=,937,0,0
1666023755806,794,getAllRolesAndGrades,200,OK,Access Management 1-50,text,true,,9685,2684,53,53,https://ms.oodleslab.com/zuul/api/v1/securityGroup/getAllRolesAndGrades?securityId=12&typeOfSecurity=,794,0,0
1666023754656,2590,getProjectNavs,200,OK,Access Management 1-34,text,true,,7070,2690,53,53,https://ms.oodleslab.com/zuul/api/v1/securityGroupProjectDashboard/getProjectNavs?concernedId=33&userId=405,2584,0,0
1666023757246,248,getNavigations,200,OK,Access Management 1-34,text,true,,38563,2659,53,53,https://ms.oodleslab.com/zuul/api/v1/securityGroup/getNavigations?userId=405,237,0,0
1666023698691,58973,getAllModules,200,OK,Access Management 1-37,text,true,,3034245,2647,52,52,https://ms.oodleslab.com/zuul/api/v1/securityGroup/getAllModules,29333,0,112
1666023757664,759,getAllRolesAndGrades,200,OK,Access Management 1-37,text,true,,9679,2684,52,52,https://ms.oodleslab.com/zuul/api/v1/securityGroup/getAllRolesAndGrades?securityId=12&typeOfSecurity=,759,0,0
1666023696776,63176,getAllModules,200,OK,Access Management 1-14,text,true,,3034904,2647,52,52,https://ms.oodleslab.com/zuul/api/v1/securityGroup/getAllModules,22933,0,162
1666023696284,63766,getAllModules,200,OK,Access Management 1-8,text,true,,3035145,2647,52,52,https://ms.oodleslab.com/zuul/api/v1/securityGroup/getAllModules,24099,0,654
1666023696617,63644,getAllModules,200,OK,Access Management 1-12,text,true,,3034905,2647,52,52,https://ms.oodleslab.com/zuul/api/v1/securityGroup/getAllModules,25343,0,316
1666023696858,64481,getAllModules,200,OK,Access Management 1-15,text,true,,3034995,2647,52,52,https://ms.oodleslab.com/zuul/api/v1/securityGroup/getAllModules,24432,0,100
1666023760051,1478,getAllRolesAndGrades,200,OK,Access Management 1-8,text,true,,9685,2684,52,52,https://ms.oodleslab.com/zuul/api/v1/securityGroup/getAllRolesAndGrades?securityId=12&typeOfSecurity=,1477,0,216
1666023759952,1683,getAllRolesAndGrades,200,OK,Access Management 1-14,text,true,,9685,2684,52,52,https://ms.oodleslab.com/zuul/api/v1/securityGroup/getAllRolesAndGrades?securityId=12&typeOfSecurity=,1664,0,227
1666023746544,15297,getAllUserGrants,200,OK,Access Management 1-60,text,true,,5790,2664,52,52,https://ms.oodleslab.com/zuul/api/v1/securityGroup/getAllUserGrants?securityId=12,15296,0,0
1666023746696,15472,getAllUserGrants,200,OK,Access Management 1-38,text,true,,5778,2664,52,52,https://ms.oodleslab.com/zuul/api/v1/securityGroup/getAllUserGrants?securityId=12,15469,0,0
1666023760261,2128,getAllRolesAndGrades,200,OK,Access Management 1-12,text,true,,9685,2684,52,52,https://ms.oodleslab.com/zuul/api/v1/securityGroup/getAllRolesAndGrades?securityId=12&typeOfSecurity=,2128,0,220
1666023699363,63120,getAllModules,200,OK,Access Management 1-45,text,true,,3034188,2647,52,52,https://ms.oodleslab.com/zuul/api/v1/securityGroup/getAllModules,29117,0,127
1666023761339,1512,getAllRolesAndGrades,200,OK,Access Management 1-15,text,true,,9691,2684,52,52,https://ms.oodleslab.com/zuul/api/v1/securityGroup/getAllRolesAndGrades?securityId=12&typeOfSecurity=,1512,0,195
1666023746793,16059,getAllUserGrants,200,OK,Access Management 1-47,text,true,,5790,2664,52,52,https://ms.oodleslab.com/zuul/api/v1/securityGroup/getAllUserGrants?securityId=12,16052,0,0
1666023696201,66854,getAllModules,200,OK,Access Management 1-7,text,true,,3034753,2647,52,52,https://ms.oodleslab.com/zuul/api/v1/securityGroup/getAllModules,25775,0,736
1666023747077,16024,getAllUserGrants,200,OK,Access Management 1-36,text,true,,5780,2664,52,52,https://ms.oodleslab.com/zuul/api/v1/securityGroup/getAllUserGrants?securityId=12,16014,0,0
1666023697272,65881,getAllModules,200,OK,Access Management 1-20,text,true,,3034894,2647,52,52,https://ms.oodleslab.com/zuul/api/v1/securityGroup/getAllModules,27628,0,138
1666023696528,66903,getAllModules,200,OK,Access Management 1-11,text,true,,3034939,2647,52,52,https://ms.oodleslab.com/zuul/api/v1/securityGroup/getAllModules,25810,0,406
1666023695972,68074,getAllModules,200,OK,Access Management 1-2,text,true,,3034876,2647,52,52,https://ms.oodleslab.com/zuul/api/v1/securityGroup/getAllModules,29530,0,1569
1666023696444,67657,getAllModules,200,OK,Access Management 1-10,text,true,,3034772,2647,52,52,https://ms.oodleslab.com/zuul/api/v1/securityGroup/getAllModules,27029,0,494
1666023746879,17471,getAllUserGrants,200,OK,Access Management 1-25,text,true,,5784,2664,52,52,https://ms.oodleslab.com/zuul/api/v1/securityGroup/getAllUserGrants?securityId=12,17469,0,0
1666023699018,65580,getAllModules,200,OK,Access Management 1-41,text,true,,3034752,2647,52,52,https://ms.oodleslab.com/zuul/api/v1/securityGroup/getAllModules,28845,0,107
1666023697191,67421,getAllModules,200,OK,Access Management 1-19,text,true,,3034966,2647,52,52,https://ms.oodleslab.com/zuul/api/v1/securityGroup/getAllModules,27869,0,335
1666023762483,2134,getAllRolesAndGrades,200,OK,Access Management 1-45,text,true,,9685,2684,52,52,https://ms.oodleslab.com/zuul/api/v1/securityGroup/getAllRolesAndGrades?securityId=12&typeOfSecurity=,2134,0,480
1666023763431,1387,getAllRolesAndGrades,200,OK,Access Management 1-11,text,true,,9687,2684,52,52,https://ms.oodleslab.com/zuul/api/v1/securityGroup/getAllRolesAndGrades?securityId=12&typeOfSecurity=,1386,0,205
1666023763056,2166,getAllRolesAndGrades,200,OK,Access Management 1-7,text,true,,9685,2684,52,52,https://ms.oodleslab.com/zuul/api/v1/securityGroup/getAllRolesAndGrades?securityId=12&typeOfSecurity=,2166,0,214
1666023763153,2083,getAllRolesAndGrades,200,OK,Access Management 1-20,text,true,,9681,2684,52,52,https://ms.oodleslab.com/zuul/api/v1/securityGroup/getAllRolesAndGrades?securityId=12&typeOfSecurity=,2079,0,188
1666023696363,68998,getAllModules,200,OK,Access Management 1-9,text,true,,3035037,2647,52,52,https://ms.oodleslab.com/zuul/api/v1/securityGroup/getAllModules,25601,0,578
1666023764047,1992,getAllRolesAndGrades,200,OK,Access Management 1-2,text,true,,9685,2684,52,52,https://ms.oodleslab.com/zuul/api/v1/securityGroup/getAllRolesAndGrades?securityId=12&typeOfSecurity=,1992,0,192
1666023764101,2095,getAllRolesAndGrades,200,OK,Access Management 1-10,text,true,,9692,2684,52,52,https://ms.oodleslab.com/zuul/api/v1/securityGroup/getAllRolesAndGrades?securityId=12&typeOfSecurity=,2094,0,194
1666023761840,4535,getProjectNavs,200,OK,Access Management 1-60,text,true,,7072,2690,52,52,https://ms.oodleslab.com/zuul/api/v1/securityGroupProjectDashboard/getProjectNavs?concernedId=33&userId=405,4535,0,245
1666023696035,70503,getAllModules,200,OK,Access Management 1-5,text,true,,3034690,2647,52,52,https://ms.oodleslab.com/zuul/api/v1/securityGroup/getAllModules,30709,0,1667
1666023764598,2028,getAllRolesAndGrades,200,OK,Access Management 1-41,text,true,,9693,2684,52,52,https://ms.oodleslab.com/zuul/api/v1/securityGroup/getAllRolesAndGrades?securityId=12&typeOfSecurity=,2027,0,211
1666023764611,2108,getAllRolesAndGrades,200,OK,Access Management 1-19,text,true,,9681,2684,52,52,https://ms.oodleslab.com/zuul/api/v1/securityGroup/getAllRolesAndGrades?securityId=12&typeOfSecurity=,2108,0,199
1666023698940,67784,getAllModules,200,OK,Access Management 1-40,text,true,,3035017,2647,52,52,https://ms.oodleslab.com/zuul/api/v1/securityGroup/getAllModules,28900,0,98
1666023766377,408,getNavigations,200,OK,Access Management 1-60,text,true,,38555,2659,52,52,https://ms.oodleslab.com/zuul/api/v1/securityGroup/getNavigations?userId=405,342,0,0
1666023762168,4748,getProjectNavs,200,OK,Access Management 1-38,text,true,,7072,2690,51,51,https://ms.oodleslab.com/zuul/api/v1/securityGroupProjectDashboard/getProjectNavs?concernedId=33&userId=405,4748,0,232
1666023766918,291,getNavigations,200,OK,Access Management 1-38,text,true,,38561,2659,51,51,https://ms.oodleslab.com/zuul/api/v1/securityGroup/getNavigations?userId=405,283,0,0
1666023765361,1890,getAllRolesAndGrades,200,OK,Access Management 1-9,text,true,,9685,2684,50,50,https://ms.oodleslab.com/zuul/api/v1/securityGroup/getAllRolesAndGrades?securityId=12&typeOfSecurity=,1888,0,229
1666023699680,68046,getAllModules,200,OK,Access Management 1-49,text,true,,3034943,2647,50,50,https://ms.oodleslab.com/zuul/api/v1/securityGroup/getAllModules,28230,0,127
1666023697439,70350,getAllModules,200,OK,Access Management 1-22,text,true,,3034650,2647,50,50,https://ms.oodleslab.com/zuul/api/v1/securityGroup/getAllModules,28256,0,160
1666023700261,67850,getAllModules,200,OK,Access Management 1-56,text,true,,3035009,2647,50,50,https://ms.oodleslab.com/zuul/api/v1/securityGroup/getAllModules,28671,0,93
1666023763101,5097,getProjectNavs,200,OK,Access Management 1-36,text,true,,7066,2690,50,50,https://ms.oodleslab.com/zuul/api/v1/securityGroupProjectDashboard/getProjectNavs?concernedId=33&userId=405,5097,0,194
1666023762853,5401,getProjectNavs,200,OK,Access Management 1-47,text,true,,7068,2690,50,50,https://ms.oodleslab.com/zuul/api/v1/securityGroupProjectDashboard/getProjectNavs?concernedId=33&userId=405,5400,0,213
1666023766726,1619,getAllRolesAndGrades,200,OK,Access Management 1-40,text,true,,9681,2684,50,50,https://ms.oodleslab.com/zuul/api/v1/securityGroup/getAllRolesAndGrades?securityId=12&typeOfSecurity=,1609,0,227
1666023698517,69949,getAllModules,200,OK,Access Management 1-35,text,true,,3034398,2647,50,50,https://ms.oodleslab.com/zuul/api/v1/securityGroup/getAllModules,29253,0,81
1666023698860,69627,getAllModules,200,OK,Access Management 1-39,text,true,,3034232,2647,50,50,https://ms.oodleslab.com/zuul/api/v1/securityGroup/getAllModules,28455,0,113
1666023766538,1970,getAllRolesAndGrades,200,OK,Access Management 1-5,text,true,,9687,2684,50,50,https://ms.oodleslab.com/zuul/api/v1/securityGroup/getAllRolesAndGrades?securityId=12&typeOfSecurity=,1968,0,200
1666023768201,407,getNavigations,200,OK,Access Management 1-36,text,true,,38561,2659,50,50,https://ms.oodleslab.com/zuul/api/v1/securityGroup/getNavigations?userId=405,298,0,0
1666023698269,70478,getAllModules,200,OK,Access Management 1-32,text,true,,3034997,2647,49,49,https://ms.oodleslab.com/zuul/api/v1/securityGroup/getAllModules,28753,0,92
1666023768255,1198,getNavigations,200,OK,Access Management 1-47,text,true,,38566,2659,49,49,https://ms.oodleslab.com/zuul/api/v1/securityGroup/getNavigations?userId=405,418,0,0
1666023767727,1961,getAllRolesAndGrades,200,OK,Access Management 1-49,text,true,,9691,2684,48,48,https://ms.oodleslab.com/zuul/api/v1/securityGroup/getAllRolesAndGrades?securityId=12&typeOfSecurity=,1961,0,188
1666023764350,5368,getProjectNavs,200,OK,Access Management 1-25,text,true,,7066,2690,48,48,https://ms.oodleslab.com/zuul/api/v1/securityGroupProjectDashboard/getProjectNavs?concernedId=33&userId=405,5368,0,202
1666023697770,71953,getAllModules,200,OK,Access Management 1-26,text,true,,3035031,2647,48,48,https://ms.oodleslab.com/zuul/api/v1/securityGroup/getAllModules,27881,0,139
1666023699931,69920,getAllModules,200,OK,Access Management 1-52,text,true,,3034200,2647,48,48,https://ms.oodleslab.com/zuul/api/v1/securityGroup/getAllModules,28948,0,109
1666023767790,2205,getAllRolesAndGrades,200,OK,Access Management 1-22,text,true,,9691,2684,48,48,https://ms.oodleslab.com/zuul/api/v1/securityGroup/getAllRolesAndGrades?securityId=12&typeOfSecurity=,2204,0,207
1666023768112,1987,getAllRolesAndGrades,200,OK,Access Management 1-56,text,true,,9685,2684,48,48,https://ms.oodleslab.com/zuul/api/v1/securityGroup/getAllRolesAndGrades?securityId=12&typeOfSecurity=,1987,0,191
1666023769719,400,getNavigations,200,OK,Access Management 1-25,text,true,,38564,2659,48,48,https://ms.oodleslab.com/zuul/api/v1/securityGroup/getNavigations?userId=405,298,0,0
1666023768467,1969,getAllRolesAndGrades,200,OK,Access Management 1-35,text,true,,9681,2684,47,47,https://ms.oodleslab.com/zuul/api/v1/securityGroup/getAllRolesAndGrades?securityId=12&typeOfSecurity=,1969,0,202
1666023700513,69939,getAllModules,200,OK,Access Management 1-59,text,true,,3034918,2647,47,47,https://ms.oodleslab.com/zuul/api/v1/securityGroup/getAllModules,28518,0,364
1666023700428,70179,getAllModules,200,OK,Access Management 1-58,text,true,,3034754,2647,47,47,https://ms.oodleslab.com/zuul/api/v1/securityGroup/getAllModules,29068,0,491
1666023697107,73558,getAllModules,200,OK,Access Management 1-18,text,true,,3034936,2647,47,47,https://ms.oodleslab.com/zuul/api/v1/securityGroup/getAllModules,26706,0,213
1666023768488,2240,getAllRolesAndGrades,200,OK,Access Management 1-39,text,true,,9690,2684,47,47,https://ms.oodleslab.com/zuul/api/v1/securityGroup/getAllRolesAndGrades?securityId=12&typeOfSecurity=,2240,0,244
1666023696941,73872,getAllModules,200,OK,Access Management 1-16,text,true,,3034969,2647,47,47,https://ms.oodleslab.com/zuul/api/v1/securityGroup/getAllModules,26835,0,440
1666023768748,2088,getAllRolesAndGrades,200,OK,Access Management 1-32,text,true,,9683,2684,47,47,https://ms.oodleslab.com/zuul/api/v1/securityGroup/getAllRolesAndGrades?securityId=12&typeOfSecurity=,2087,0,206
1666023699449,71407,getAllModules,200,OK,Access Management 1-46,text,true,,3034837,2647,47,47,https://ms.oodleslab.com/zuul/api/v1/securityGroup/getAllModules,29105,0,504
1666023695973,75194,getAllModules,200,OK,Access Management 1-4,text,true,,3035063,2647,47,47,https://ms.oodleslab.com/zuul/api/v1/securityGroup/getAllModules,33579,0,5418
1666023700346,71141,getAllModules,200,OK,Access Management 1-57,text,true,,3035011,2647,47,47,https://ms.oodleslab.com/zuul/api/v1/securityGroup/getAllModules,28559,0,73
1666023769724,1990,getAllRolesAndGrades,200,OK,Access Management 1-26,text,true,,9691,2684,47,47,https://ms.oodleslab.com/zuul/api/v1/securityGroup/getAllRolesAndGrades?securityId=12&typeOfSecurity=,1990,0,202
1666023769852,1894,getAllRolesAndGrades,200,OK,Access Management 1-52,text,true,,9687,2684,47,47,https://ms.oodleslab.com/zuul/api/v1/securityGroup/getAllRolesAndGrades?securityId=12&typeOfSecurity=,1894,0,258
1666023699184,73332,getAllModules,200,OK,Access Management 1-43,text,true,,3034948,2647,47,47,https://ms.oodleslab.com/zuul/api/v1/securityGroup/getAllModules,28574,0,110
1666023700096,72433,getAllModules,200,OK,Access Management 1-54,text,true,,3034939,2647,47,47,https://ms.oodleslab.com/zuul/api/v1/securityGroup/getAllModules,28260,0,118
1666023699849,72874,getAllModules,200,OK,Access Management 1-51,text,true,,3035003,2647,47,47,https://ms.oodleslab.com/zuul/api/v1/securityGroup/getAllModules,28707,0,113
1666023770666,2072,getAllRolesAndGrades,200,OK,Access Management 1-18,text,true,,9685,2684,47,47,https://ms.oodleslab.com/zuul/api/v1/securityGroup/getAllRolesAndGrades?securityId=12&typeOfSecurity=,2072,0,195
1666023770609,2344,getAllRolesAndGrades,200,OK,Access Management 1-58,text,true,,9691,2684,47,47,https://ms.oodleslab.com/zuul/api/v1/securityGroup/getAllRolesAndGrades?securityId=12&typeOfSecurity=,2338,0,223
1666023698020,74949,getAllModules,200,OK,Access Management 1-29,text,true,,3034550,2647,47,47,https://ms.oodleslab.com/zuul/api/v1/securityGroup/getAllModules,29961,0,1124
1666023748214,24885,getAllUserGrants,200,OK,Access Management 1-48,text,true,,5790,2664,47,47,https://ms.oodleslab.com/zuul/api/v1/securityGroup/getAllUserGrants?securityId=12,24885,0,0
1666023754484,18623,getAllRolesAndGrades,200,OK,Access Management 1-30,text,true,,9689,2684,47,47,https://ms.oodleslab.com/zuul/api/v1/securityGroup/getAllRolesAndGrades?securityId=12&typeOfSecurity=,18623,0,0
1666023770813,2417,getAllRolesAndGrades,200,OK,Access Management 1-16,text,true,,9687,2684,47,47,https://ms.oodleslab.com/zuul/api/v1/securityGroup/getAllRolesAndGrades?securityId=12&typeOfSecurity=,2416,0,188
1666023770453,2830,getAllRolesAndGrades,200,OK,Access Management 1-59,text,true,,9698,2684,47,47,https://ms.oodleslab.com/zuul/api/v1/securityGroup/getAllRolesAndGrades?securityId=12&typeOfSecurity=,2830,0,293
1666023770856,2553,getAllRolesAndGrades,200,OK,Access Management 1-46,text,true,,9677,2684,47,47,https://ms.oodleslab.com/zuul/api/v1/securityGroup/getAllRolesAndGrades?securityId=12&typeOfSecurity=,2552,0,206
1666023771167,2303,getAllRolesAndGrades,200,OK,Access Management 1-4,text,true,,9683,2684,47,47,https://ms.oodleslab.com/zuul/api/v1/securityGroup/getAllRolesAndGrades?securityId=12&typeOfSecurity=,2302,0,198
1666023771488,2419,getAllRolesAndGrades,200,OK,Access Management 1-57,text,true,,9681,2684,47,47,https://ms.oodleslab.com/zuul/api/v1/securityGroup/getAllRolesAndGrades?securityId=12&typeOfSecurity=,2419,0,222
1666023772530,2798,getAllRolesAndGrades,200,OK,Access Management 1-54,text,true,,9687,2684,47,47,https://ms.oodleslab.com/zuul/api/v1/securityGroup/getAllRolesAndGrades?securityId=12&typeOfSecurity=,2797,0,313
1666023700013,75325,getAllModules,200,OK,Access Management 1-53,text,true,,3035039,2647,47,47,https://ms.oodleslab.com/zuul/api/v1/securityGroup/getAllModules,29685,0,102
1666023695969,79371,getAllModules,200,OK,Access Management 1-3,text,true,,3035063,2647,47,47,https://ms.oodleslab.com/zuul/api/v1/securityGroup/getAllModules,27572,0,1291
1666023772517,2863,getAllRolesAndGrades,200,OK,Access Management 1-43,text,true,,9685,2684,47,47,https://ms.oodleslab.com/zuul/api/v1/securityGroup/getAllRolesAndGrades?securityId=12&typeOfSecurity=,2862,0,237
1666023772724,2778,getAllRolesAndGrades,200,OK,Access Management 1-51,text,true,,9685,2684,47,47,https://ms.oodleslab.com/zuul/api/v1/securityGroup/getAllRolesAndGrades?securityId=12&typeOfSecurity=,2778,0,208
1666023772970,2587,getAllRolesAndGrades,200,OK,Access Management 1-29,text,true,,9689,2684,47,47,https://ms.oodleslab.com/zuul/api/v1/securityGroup/getAllRolesAndGrades?securityId=12&typeOfSecurity=,2587,0,206
1666023750503,26355,getAllUserGrants,200,OK,Access Management 1-33,text,true,,5782,2664,47,47,https://ms.oodleslab.com/zuul/api/v1/securityGroup/getAllUserGrants?securityId=12,26355,0,0
1666023749720,28573,getAllUserGrants,200,OK,Access Management 1-42,text,true,,5786,2664,47,47,https://ms.oodleslab.com/zuul/api/v1/securityGroup/getAllUserGrants?securityId=12,28573,0,0
1666023775338,3097,getAllRolesAndGrades,200,OK,Access Management 1-53,text,true,,9683,2684,47,47,https://ms.oodleslab.com/zuul/api/v1/securityGroup/getAllRolesAndGrades?securityId=12&typeOfSecurity=,3097,0,183
1666023750679,27811,getAllUserGrants,200,OK,Access Management 1-31,text,true,,5780,2664,47,47,https://ms.oodleslab.com/zuul/api/v1/securityGroup/getAllUserGrants?securityId=12,27804,0,0
1666023775340,4259,getAllRolesAndGrades,200,OK,Access Management 1-3,text,true,,9681,2684,47,47,https://ms.oodleslab.com/zuul/api/v1/securityGroup/getAllRolesAndGrades?securityId=12&typeOfSecurity=,4258,0,187
1666023773100,9293,getProjectNavs,200,OK,Access Management 1-48,text,true,,7064,2690,47,47,https://ms.oodleslab.com/zuul/api/v1/securityGroupProjectDashboard/getProjectNavs?concernedId=33&userId=405,9293,0,206
1666023750062,32454,getAllUserGrants,200,OK,Access Management 1-44,text,true,,5782,2664,47,47,https://ms.oodleslab.com/zuul/api/v1/securityGroup/getAllUserGrants?securityId=12,32445,0,0
1666023782394,1728,getNavigations,200,OK,Access Management 1-48,text,true,,38561,2659,47,47,https://ms.oodleslab.com/zuul/api/v1/securityGroup/getNavigations?userId=405,1225,0,0
1666023776858,8196,getProjectNavs,200,OK,Access Management 1-33,text,true,,7060,2690,46,46,https://ms.oodleslab.com/zuul/api/v1/securityGroupProjectDashboard/getProjectNavs?concernedId=33&userId=405,8196,0,190
1666023785054,412,getNavigations,200,OK,Access Management 1-33,text,true,,38553,2659,46,46,https://ms.oodleslab.com/zuul/api/v1/securityGroup/getNavigations?userId=405,411,0,0
1666023778294,8094,getProjectNavs,200,OK,Access Management 1-42,text,true,,7066,2690,45,45,https://ms.oodleslab.com/zuul/api/v1/securityGroupProjectDashboard/getProjectNavs?concernedId=33&userId=405,8094,0,185
1666023778490,8071,getProjectNavs,200,OK,Access Management 1-31,text,true,,7066,2690,45,45,https://ms.oodleslab.com/zuul/api/v1/securityGroupProjectDashboard/getProjectNavs?concernedId=33&userId=405,8071,0,204
1666023786387,416,getNavigations,200,OK,Access Management 1-42,text,true,,38553,2659,45,45,https://ms.oodleslab.com/zuul/api/v1/securityGroup/getNavigations?userId=405,322,0,0
1666023786561,293,getNavigations,200,OK,Access Management 1-31,text,true,,38561,2659,44,44,https://ms.oodleslab.com/zuul/api/v1/securityGroup/getNavigations?userId=405,291,0,0
1666023751993,36953,getAllUserGrants,200,OK,Access Management 1-28,text,true,,5788,2664,43,43,https://ms.oodleslab.com/zuul/api/v1/securityGroup/getAllUserGrants?securityId=12,36952,0,0
1666023782516,8069,getProjectNavs,200,OK,Access Management 1-44,text,true,,7070,2690,43,43,https://ms.oodleslab.com/zuul/api/v1/securityGroupProjectDashboard/getProjectNavs?concernedId=33&userId=405,8069,0,180
1666023790586,1009,getNavigations,200,OK,Access Management 1-44,text,true,,38572,2659,43,43,https://ms.oodleslab.com/zuul/api/v1/securityGroup/getNavigations?userId=405,619,0,0
1666023753578,39058,getAllUserGrants,200,OK,Access Management 1-55,text,true,,5786,2664,42,42,https://ms.oodleslab.com/zuul/api/v1/securityGroup/getAllUserGrants?securityId=12,39057,0,0
1666023788946,7888,getProjectNavs,200,OK,Access Management 1-28,text,true,,7080,2690,42,42,https://ms.oodleslab.com/zuul/api/v1/securityGroupProjectDashboard/getProjectNavs?concernedId=33&userId=405,7888,0,241
1666023796836,1010,getNavigations,200,OK,Access Management 1-28,text,true,,38561,2659,42,42,https://ms.oodleslab.com/zuul/api/v1/securityGroup/getNavigations?userId=405,517,0,0
1666023792635,8398,getProjectNavs,200,OK,Access Management 1-55,text,true,,7070,2690,41,41,https://ms.oodleslab.com/zuul/api/v1/securityGroupProjectDashboard/getProjectNavs?concernedId=33&userId=405,8398,0,190
1666023756562,45464,getAllUserGrants,200,OK,Access Management 1-27,text,true,,5788,2664,41,41,https://ms.oodleslab.com/zuul/api/v1/securityGroup/getAllUserGrants?securityId=12,45464,0,0
1666023756600,45463,getAllUserGrants,200,OK,Access Management 1-50,text,true,,5790,2664,41,41,https://ms.oodleslab.com/zuul/api/v1/securityGroup/getAllUserGrants?securityId=12,45463,0,0
1666023801035,1147,getNavigations,200,OK,Access Management 1-55,text,true,,38565,2659,41,41,https://ms.oodleslab.com/zuul/api/v1/securityGroup/getNavigations?userId=405,614,0,0
1666023758424,48962,getAllUserGrants,200,OK,Access Management 1-37,text,true,,5788,2664,40,40,https://ms.oodleslab.com/zuul/api/v1/securityGroup/getAllUserGrants?securityId=12,48962,0,0
1666023802065,7370,getProjectNavs,200,OK,Access Management 1-50,text,true,,7080,2690,40,40,https://ms.oodleslab.com/zuul/api/v1/securityGroupProjectDashboard/getProjectNavs?concernedId=33&userId=405,7370,0,175
1666023802028,7412,getProjectNavs,200,OK,Access Management 1-27,text,true,,7068,2690,40,40,https://ms.oodleslab.com/zuul/api/v1/securityGroupProjectDashboard/getProjectNavs?concernedId=33&userId=405,7412,0,175
1666023809436,421,getNavigations,200,OK,Access Management 1-50,text,true,,38555,2659,40,40,https://ms.oodleslab.com/zuul/api/v1/securityGroup/getNavigations?userId=405,419,0,0
1666023809441,667,getNavigations,200,OK,Access Management 1-27,text,true,,38563,2659,39,39,https://ms.oodleslab.com/zuul/api/v1/securityGroup/getNavigations?userId=405,414,0,0
1666023761636,53453,getAllUserGrants,200,OK,Access Management 1-14,text,true,,5786,2664,38,38,https://ms.oodleslab.com/zuul/api/v1/securityGroup/getAllUserGrants?securityId=12,53453,0,0
1666023807387,7704,getProjectNavs,200,OK,Access Management 1-37,text,true,,7064,2690,38,38,https://ms.oodleslab.com/zuul/api/v1/securityGroupProjectDashboard/getProjectNavs?concernedId=33&userId=405,7704,0,194
1666023761533,53861,getAllUserGrants,200,OK,Access Management 1-8,text,true,,5786,2664,38,38,https://ms.oodleslab.com/zuul/api/v1/securityGroup/getAllUserGrants?securityId=12,53861,0,0
1666023815090,818,getNavigations,200,OK,Access Management 1-37,text,true,,38569,2659,38,38,https://ms.oodleslab.com/zuul/api/v1/securityGroup/getNavigations?userId=405,594,0,0
1666023762852,54469,getAllUserGrants,200,OK,Access Management 1-15,text,true,,5786,2664,37,37,https://ms.oodleslab.com/zuul/api/v1/securityGroup/getAllUserGrants?securityId=12,54469,0,0
1666023762390,55542,getAllUserGrants,200,OK,Access Management 1-12,text,true,,5778,2664,37,37,https://ms.oodleslab.com/zuul/api/v1/securityGroup/getAllUserGrants?securityId=12,55542,0,0
1666023815090,6492,getProjectNavs,200,OK,Access Management 1-14,text,true,,7062,2690,37,37,https://ms.oodleslab.com/zuul/api/v1/securityGroupProjectDashboard/getProjectNavs?concernedId=33&userId=405,6490,0,0
1666023815395,6691,getProjectNavs,200,OK,Access Management 1-8,text,true,,7062,2690,37,37,https://ms.oodleslab.com/zuul/api/v1/securityGroupProjectDashboard/getProjectNavs?concernedId=33&userId=405,6691,0,0
1666023821582,568,getNavigations,200,OK,Access Management 1-14,text,true,,38557,2659,37,37,https://ms.oodleslab.com/zuul/api/v1/securityGroup/getNavigations?userId=405,504,0,181
1666023764618,58258,getAllUserGrants,200,OK,Access Management 1-45,text,true,,5782,2664,36,36,https://ms.oodleslab.com/zuul/api/v1/securityGroup/getAllUserGrants?securityId=12,58241,0,0
1666023822087,791,getNavigations,200,OK,Access Management 1-8,text,true,,38567,2659,36,36,https://ms.oodleslab.com/zuul/api/v1/securityGroup/getNavigations?userId=405,790,0,167
1666023765223,58142,getAllUserGrants,200,OK,Access Management 1-7,text,true,,5792,2664,35,35,https://ms.oodleslab.com/zuul/api/v1/securityGroup/getAllUserGrants?securityId=12,58141,0,0
1666023765237,58490,getAllUserGrants,200,OK,Access Management 1-20,text,true,,5782,2664,35,35,https://ms.oodleslab.com/zuul/api/v1/securityGroup/getAllUserGrants?securityId=12,58489,0,0
1666023766628,57206,getAllUserGrants,200,OK,Access Management 1-41,text,true,,5782,2664,35,35,https://ms.oodleslab.com/zuul/api/v1/securityGroup/getAllUserGrants?securityId=12,57206,0,0
1666023817933,6357,getProjectNavs,200,OK,Access Management 1-12,text,true,,7064,2690,35,35,https://ms.oodleslab.com/zuul/api/v1/securityGroupProjectDashboard/getProjectNavs?concernedId=33&userId=405,6356,0,0
1666023766197,58094,getAllUserGrants,200,OK,Access Management 1-10,text,true,,5788,2664,35,35,https://ms.oodleslab.com/zuul/api/v1/securityGroup/getAllUserGrants?securityId=12,58093,0,0
1666023764818,59508,getAllUserGrants,200,OK,Access Management 1-11,text,true,,5782,2664,35,35,https://ms.oodleslab.com/zuul/api/v1/securityGroup/getAllUserGrants?securityId=12,59494,0,0
1666023817322,7193,getProjectNavs,200,OK,Access Management 1-15,text,true,,7062,2690,35,35,https://ms.oodleslab.com/zuul/api/v1/securityGroupProjectDashboard/getProjectNavs?concernedId=33&userId=405,7193,0,0
1666023766041,58503,getAllUserGrants,200,OK,Access Management 1-2,text,true,,5784,2664,35,35,https://ms.oodleslab.com/zuul/api/v1/securityGroup/getAllUserGrants?securityId=12,58503,0,0
1666023824290,885,getNavigations,200,OK,Access Management 1-12,text,true,,38565,2659,35,35,https://ms.oodleslab.com/zuul/api/v1/securityGroup/getNavigations?userId=405,878,0,220
1666023824516,1073,getNavigations,200,OK,Access Management 1-15,text,true,,38563,2659,34,34,https://ms.oodleslab.com/zuul/api/v1/securityGroup/getNavigations?userId=405,1072,0,184
1666023767253,58742,getAllUserGrants,200,OK,Access Management 1-9,text,true,,5790,2664,33,33,https://ms.oodleslab.com/zuul/api/v1/securityGroup/getAllUserGrants?securityId=12,58742,0,0
1666023766722,59273,getAllUserGrants,200,OK,Access Management 1-19,text,true,,5786,2664,33,33,https://ms.oodleslab.com/zuul/api/v1/securityGroup/getAllUserGrants?securityId=12,59273,0,0
1666023768346,59012,getAllUserGrants,200,OK,Access Management 1-40,text,true,,5782,2664,33,33,https://ms.oodleslab.com/zuul/api/v1/securityGroup/getAllUserGrants?securityId=12,59012,0,0
1666023768509,58854,getAllUserGrants,200,OK,Access Management 1-5,text,true,,5784,2664,33,33,https://ms.oodleslab.com/zuul/api/v1/securityGroup/getAllUserGrants?securityId=12,58849,0,0
1666023769689,59333,getAllUserGrants,200,OK,Access Management 1-49,text,true,,5786,2664,33,33,https://ms.oodleslab.com/zuul/api/v1/securityGroup/getAllUserGrants?securityId=12,59333,0,0
1666023770100,59922,getAllUserGrants,200,OK,Access Management 1-56,text,true,,5786,2664,33,33,https://ms.oodleslab.com/zuul/api/v1/securityGroup/getAllUserGrants?securityId=12,59921,0,0
1666023769996,60026,getAllUserGrants,200,OK,Access Management 1-22,text,true,,5784,2664,33,33,https://ms.oodleslab.com/zuul/api/v1/securityGroup/getAllUserGrants?securityId=12,60025,0,0
1666023824326,5696,getProjectNavs,200,OK,Access Management 1-11,text,true,,7060,2690,33,33,https://ms.oodleslab.com/zuul/api/v1/securityGroupProjectDashboard/getProjectNavs?concernedId=33&userId=405,5696,0,183
1666023823727,6309,getProjectNavs,200,OK,Access Management 1-20,text,true,,7074,2690,33,33,https://ms.oodleslab.com/zuul/api/v1/securityGroupProjectDashboard/getProjectNavs?concernedId=33&userId=405,6295,0,181
1666023773410,56628,getAllUserGrants,200,OK,Access Management 1-46,text,true,,5784,2664,33,33,https://ms.oodleslab.com/zuul/api/v1/securityGroup/getAllUserGrants?securityId=12,56628,0,0
1666023822877,7161,getProjectNavs,200,OK,Access Management 1-45,text,true,,7060,2690,33,33,https://ms.oodleslab.com/zuul/api/v1/securityGroupProjectDashboard/getProjectNavs?concernedId=33&userId=405,7160,0,229
1666023770438,59609,getAllUserGrants,200,OK,Access Management 1-35,text,true,,5780,2664,33,33,https://ms.oodleslab.com/zuul/api/v1/securityGroup/getAllUserGrants?securityId=12,59609,0,0
1666023771715,58332,getAllUserGrants,200,OK,Access Management 1-26,text,true,,5782,2664,33,33,https://ms.oodleslab.com/zuul/api/v1/securityGroup/getAllUserGrants?securityId=12,58332,0,0
1666023770836,59211,getAllUserGrants,200,OK,Access Management 1-32,text,true,,5784,2664,33,33,https://ms.oodleslab.com/zuul/api/v1/securityGroup/getAllUserGrants?securityId=12,59202,0,0
1666023823833,6229,getProjectNavs,200,OK,Access Management 1-41,text,true,,7064,2690,33,33,https://ms.oodleslab.com/zuul/api/v1/securityGroupProjectDashboard/getProjectNavs?concernedId=33&userId=405,6215,0,0
1666023823365,6717,getProjectNavs,200,OK,Access Management 1-7,text,true,,7072,2690,33,33,https://ms.oodleslab.com/zuul/api/v1/securityGroupProjectDashboard/getProjectNavs?concernedId=33&userId=405,6717,0,341
1666023772954,57232,getAllUserGrants,200,OK,Access Management 1-58,text,true,,5796,2664,33,33,https://ms.oodleslab.com/zuul/api/v1/securityGroup/getAllUserGrants?securityId=12,57232,0,0
1666023771747,58483,getAllUserGrants,200,OK,Access Management 1-52,text,true,,5792,2664,33,33,https://ms.oodleslab.com/zuul/api/v1/securityGroup/getAllUserGrants?securityId=12,58483,0,0
1666023824290,6138,getProjectNavs,200,OK,Access Management 1-10,text,true,,7064,2690,33,33,https://ms.oodleslab.com/zuul/api/v1/securityGroupProjectDashboard/getProjectNavs?concernedId=33&userId=405,6138,0,212
1666023770729,59724,getAllUserGrants,200,OK,Access Management 1-39,text,true,,5784,2664,33,33,https://ms.oodleslab.com/zuul/api/v1/securityGroup/getAllUserGrants?securityId=12,59724,0,0
1666023824543,6009,getProjectNavs,200,OK,Access Management 1-2,text,true,,7070,2690,33,33,https://ms.oodleslab.com/zuul/api/v1/securityGroupProjectDashboard/getProjectNavs?concernedId=33&userId=405,6003,0,194
1666023773286,57267,getAllUserGrants,200,OK,Access Management 1-59,text,true,,5786,2664,33,33,https://ms.oodleslab.com/zuul/api/v1/securityGroup/getAllUserGrants?securityId=12,57267,0,0
1666023773470,57171,getAllUserGrants,200,OK,Access Management 1-4,text,true,,5780,2664,33,33,https://ms.oodleslab.com/zuul/api/v1/securityGroup/getAllUserGrants?securityId=12,57171,0,0
1666023775558,55320,getAllUserGrants,200,OK,Access Management 1-29,text,true,,5792,2664,33,33,https://ms.oodleslab.com/zuul/api/v1/securityGroup/getAllUserGrants?securityId=12,55320,0,0
1666023830063,816,getNavigations,200,OK,Access Management 1-41,text,true,,38576,2659,33,33,https://ms.oodleslab.com/zuul/api/v1/securityGroup/getNavigations?userId=405,606,0,296
1666023830554,389,getNavigations,200,OK,Access Management 1-2,text,true,,38553,2659,32,32,https://ms.oodleslab.com/zuul/api/v1/securityGroup/getNavigations?userId=405,343,0,0
1666023830083,918,getNavigations,200,OK,Access Management 1-7,text,true,,38563,2659,31,31,https://ms.oodleslab.com/zuul/api/v1/securityGroup/getNavigations?userId=405,463,0,0
1666023830038,1040,getNavigations,200,OK,Access Management 1-20,text,true,,38563,2659,30,30,https://ms.oodleslab.com/zuul/api/v1/securityGroup/getNavigations?userId=405,353,0,0
1666023772739,58434,getAllUserGrants,200,OK,Access Management 1-18,text,true,,5784,2664,29,29,https://ms.oodleslab.com/zuul/api/v1/securityGroup/getAllUserGrants?securityId=12,58433,0,0
1666023830024,1276,getNavigations,200,OK,Access Management 1-11,text,true,,38555,2659,29,29,https://ms.oodleslab.com/zuul/api/v1/securityGroup/getNavigations?userId=405,617,0,0
1666023830430,1013,getNavigations,200,OK,Access Management 1-10,text,true,,38570,2659,28,28,https://ms.oodleslab.com/zuul/api/v1/securityGroup/getNavigations?userId=405,513,0,0
1666023775503,56041,getAllUserGrants,200,OK,Access Management 1-51,text,true,,5784,2664,27,27,https://ms.oodleslab.com/zuul/api/v1/securityGroup/getAllUserGrants?securityId=12,56035,0,0
1666023825996,5678,getProjectNavs,200,OK,Access Management 1-9,text,true,,7060,2690,27,27,https://ms.oodleslab.com/zuul/api/v1/securityGroupProjectDashboard/getProjectNavs?concernedId=33&userId=405,5672,0,344
1666023830039,1647,getNavigations,200,OK,Access Management 1-45,text,true,,38565,2659,27,27,https://ms.oodleslab.com/zuul/api/v1/securityGroup/getNavigations?userId=405,1165,0,0
1666023825996,5706,getProjectNavs,200,OK,Access Management 1-19,text,true,,7060,2690,26,26,https://ms.oodleslab.com/zuul/api/v1/securityGroupProjectDashboard/getProjectNavs?concernedId=33&userId=405,5705,0,344
1666023773230,58609,getAllUserGrants,200,OK,Access Management 1-16,text,true,,5786,2664,26,26,https://ms.oodleslab.com/zuul/api/v1/securityGroup/getAllUserGrants?securityId=12,58608,0,0
1666023831674,409,getNavigations,200,OK,Access Management 1-9,text,true,,38555,2659,26,26,https://ms.oodleslab.com/zuul/api/v1/securityGroup/getNavigations?userId=405,294,0,0
1666023831702,390,getNavigations,200,OK,Access Management 1-19,text,true,,38563,2659,25,25,https://ms.oodleslab.com/zuul/api/v1/securityGroup/getNavigations?userId=405,287,0,0
1666023773108,59395,getAllUserGrants,200,OK,Access Management 1-30,text,true,,5792,2664,24,24,https://ms.oodleslab.com/zuul/api/v1/securityGroup/getAllUserGrants?securityId=12,59395,0,197
1666023775328,57177,getAllUserGrants,200,OK,Access Management 1-54,text,true,,5780,2664,24,24,https://ms.oodleslab.com/zuul/api/v1/securityGroup/getAllUserGrants?securityId=12,57174,0,0
1666023773908,58614,getAllUserGrants,200,OK,Access Management 1-57,text,true,,5782,2664,24,24,https://ms.oodleslab.com/zuul/api/v1/securityGroup/getAllUserGrants?securityId=12,58613,0,0
1666023775380,57260,getAllUserGrants,200,OK,Access Management 1-43,text,true,,5784,2664,24,24,https://ms.oodleslab.com/zuul/api/v1/securityGroup/getAllUserGrants?securityId=12,57260,0,0
1666023827364,5284,getProjectNavs,200,OK,Access Management 1-5,text,true,,7066,2690,24,24,https://ms.oodleslab.com/zuul/api/v1/securityGroupProjectDashboard/getProjectNavs?concernedId=33&userId=405,5284,0,255
1666023827358,5405,getProjectNavs,200,OK,Access Management 1-40,text,true,,7068,2690,24,24,https://ms.oodleslab.com/zuul/api/v1/securityGroupProjectDashboard/getProjectNavs?concernedId=33&userId=405,5405,0,211
1666023832649,521,getNavigations,200,OK,Access Management 1-5,text,true,,38555,2659,24,24,https://ms.oodleslab.com/zuul/api/v1/securityGroup/getNavigations?userId=405,406,0,0
1666023829022,5315,getProjectNavs,200,OK,Access Management 1-49,text,true,,7068,2690,23,23,https://ms.oodleslab.com/zuul/api/v1/securityGroupProjectDashboard/getProjectNavs?concernedId=33&userId=405,5314,0,262
1666023832764,1600,getNavigations,200,OK,Access Management 1-40,text,true,,38589,2659,23,23,https://ms.oodleslab.com/zuul/api/v1/securityGroup/getNavigations?userId=405,523,0,0
1666023778435,55930,getAllUserGrants,200,OK,Access Management 1-53,text,true,,5780,2664,23,23,https://ms.oodleslab.com/zuul/api/v1/securityGroup/getAllUserGrants?securityId=12,55929,0,0
1666023779599,55049,getAllUserGrants,200,OK,Access Management 1-3,text,true,,5794,2664,22,22,https://ms.oodleslab.com/zuul/api/v1/securityGroup/getAllUserGrants?securityId=12,55049,0,0
1666023830039,4609,getProjectNavs,200,OK,Access Management 1-46,text,true,,7066,2690,22,22,https://ms.oodleslab.com/zuul/api/v1/securityGroupProjectDashboard/getProjectNavs?concernedId=33&userId=405,4609,0,0
1666023830642,4037,getProjectNavs,200,OK,Access Management 1-4,text,true,,7072,2690,22,22,https://ms.oodleslab.com/zuul/api/v1/securityGroupProjectDashboard/getProjectNavs?concernedId=33&userId=405,4037,0,0
1666023830231,4517,getProjectNavs,200,OK,Access Management 1-52,text,true,,7066,2690,22,22,https://ms.oodleslab.com/zuul/api/v1/securityGroupProjectDashboard/getProjectNavs?concernedId=33&userId=405,4516,0,229
1666023830187,4742,getProjectNavs,200,OK,Access Management 1-58,text,true,,7070,2690,22,22,https://ms.oodleslab.com/zuul/api/v1/securityGroupProjectDashboard/getProjectNavs?concernedId=33&userId=405,4742,0,0
1666023830023,4906,getProjectNavs,200,OK,Access Management 1-22,text,true,,7066,2690,22,22,https://ms.oodleslab.com/zuul/api/v1/securityGroupProjectDashboard/getProjectNavs?concernedId=33&userId=405,4906,0,321
1666023830048,4898,getProjectNavs,200,OK,Access Management 1-32,text,true,,7060,2690,22,22,https://ms.oodleslab.com/zuul/api/v1/securityGroupProjectDashboard/getProjectNavs?concernedId=33&userId=405,4898,0,307
1666023830048,5082,getProjectNavs,200,OK,Access Management 1-26,text,true,,7068,2690,22,22,https://ms.oodleslab.com/zuul/api/v1/securityGroupProjectDashboard/getProjectNavs?concernedId=33&userId=405,5082,0,307
1666023830554,4596,getProjectNavs,200,OK,Access Management 1-59,text,true,,7070,2690,22,22,https://ms.oodleslab.com/zuul/api/v1/securityGroupProjectDashboard/getProjectNavs?concernedId=33&userId=405,4576,0,327
1666023830023,5128,getProjectNavs,200,OK,Access Management 1-56,text,true,,7070,2690,22,22,https://ms.oodleslab.com/zuul/api/v1/securityGroupProjectDashboard/getProjectNavs?concernedId=33&userId=405,5128,0,321
1666023834748,414,getNavigations,200,OK,Access Management 1-52,text,true,,38581,2659,22,22,https://ms.oodleslab.com/zuul/api/v1/securityGroup/getNavigations?userId=405,341,0,0
1666023830048,5154,getProjectNavs,200,OK,Access Management 1-35,text,true,,7062,2690,21,21,https://ms.oodleslab.com/zuul/api/v1/securityGroupProjectDashboard/getProjectNavs?concernedId=33&userId=405,5153,0,307
1666023832504,2971,getProjectNavs,200,OK,Access Management 1-30,text,true,,7068,2690,21,21,https://ms.oodleslab.com/zuul/api/v1/securityGroupProjectDashboard/getProjectNavs?concernedId=33&userId=405,2961,0,0
1666023834681,807,getNavigations,200,OK,Access Management 1-4,text,true,,38562,2659,21,21,https://ms.oodleslab.com/zuul/api/v1/securityGroup/getNavigations?userId=405,795,0,473
1666023830879,4609,getProjectNavs,200,OK,Access Management 1-29,text,true,,7066,2690,21,21,https://ms.oodleslab.com/zuul/api/v1/securityGroupProjectDashboard/getProjectNavs?concernedId=33&userId=405,4609,0,0
1666023834337,1151,getNavigations,200,OK,Access Management 1-49,text,true,,38559,2659,21,21,https://ms.oodleslab.com/zuul/api/v1/securityGroup/getNavigations?userId=405,707,0,0
1666023835131,383,getNavigations,200,OK,Access Management 1-26,text,true,,38557,2659,19,19,https://ms.oodleslab.com/zuul/api/v1/securityGroup/getNavigations?userId=405,334,0,0
1666023835152,418,getNavigations,200,OK,Access Management 1-56,text,true,,38567,2659,18,18,https://ms.oodleslab.com/zuul/api/v1/securityGroup/getNavigations?userId=405,329,0,0
1666023835202,405,getNavigations,200,OK,Access Management 1-35,text,true,,38579,2659,17,17,https://ms.oodleslab.com/zuul/api/v1/securityGroup/getNavigations?userId=405,294,0,0
1666023831545,4082,getProjectNavs,200,OK,Access Management 1-51,text,true,,7068,2690,16,16,https://ms.oodleslab.com/zuul/api/v1/securityGroupProjectDashboard/getProjectNavs?concernedId=33&userId=405,4081,0,0
1666023832522,3195,getProjectNavs,200,OK,Access Management 1-57,text,true,,7068,2690,16,16,https://ms.oodleslab.com/zuul/api/v1/securityGroupProjectDashboard/getProjectNavs?concernedId=33&userId=405,3195,0,206
1666023831839,3931,getProjectNavs,200,OK,Access Management 1-16,text,true,,7066,2690,16,16,https://ms.oodleslab.com/zuul/api/v1/securityGroupProjectDashboard/getProjectNavs?concernedId=33&userId=405,3931,0,247
1666023831173,4672,getProjectNavs,200,OK,Access Management 1-18,text,true,,7060,2690,16,16,https://ms.oodleslab.com/zuul/api/v1/securityGroupProjectDashboard/getProjectNavs?concernedId=33&userId=405,4672,0,207
1666023830454,5393,getProjectNavs,200,OK,Access Management 1-39,text,true,,7076,2690,16,16,https://ms.oodleslab.com/zuul/api/v1/securityGroupProjectDashboard/getProjectNavs?concernedId=33&userId=405,5391,0,241
1666023834929,1036,getNavigations,200,OK,Access Management 1-58,text,true,,38571,2659,16,16,https://ms.oodleslab.com/zuul/api/v1/securityGroup/getNavigations?userId=405,841,0,412
1666023834947,1065,getNavigations,200,OK,Access Management 1-32,text,true,,38574,2659,15,15,https://ms.oodleslab.com/zuul/api/v1/securityGroup/getNavigations?userId=405,545,0,0
1666023834930,1082,getNavigations,200,OK,Access Management 1-22,text,true,,38571,2659,15,15,https://ms.oodleslab.com/zuul/api/v1/securityGroup/getNavigations?userId=405,649,0,0
1666023832640,3379,getProjectNavs,200,OK,Access Management 1-43,text,true,,7072,2690,13,13,https://ms.oodleslab.com/zuul/api/v1/securityGroupProjectDashboard/getProjectNavs?concernedId=33&userId=405,3379,0,651
1666023835489,580,getNavigations,200,OK,Access Management 1-29,text,true,,38569,2659,13,13,https://ms.oodleslab.com/zuul/api/v1/securityGroup/getNavigations?userId=405,485,0,182
1666023832506,3607,getProjectNavs,200,OK,Access Management 1-54,text,true,,7070,2690,12,12,https://ms.oodleslab.com/zuul/api/v1/securityGroupProjectDashboard/getProjectNavs?concernedId=33&userId=405,3607,0,0
1666023834365,1775,getProjectNavs,200,OK,Access Management 1-53,text,true,,7064,2690,12,12,https://ms.oodleslab.com/zuul/api/v1/securityGroupProjectDashboard/getProjectNavs?concernedId=33&userId=405,1775,0,0
1666023835151,976,getNavigations,200,OK,Access Management 1-59,text,true,,38574,2659,12,12,https://ms.oodleslab.com/zuul/api/v1/securityGroup/getNavigations?userId=405,489,0,0
1666023834649,1493,getProjectNavs,200,OK,Access Management 1-3,text,true,,7064,2690,12,12,https://ms.oodleslab.com/zuul/api/v1/securityGroupProjectDashboard/getProjectNavs?concernedId=33&userId=405,1492,0,0
1666023835770,396,getNavigations,200,OK,Access Management 1-16,text,true,,38571,2659,11,11,https://ms.oodleslab.com/zuul/api/v1/securityGroup/getNavigations?userId=405,289,0,0
1666023835627,601,getNavigations,200,OK,Access Management 1-51,text,true,,38562,2659,10,10,https://ms.oodleslab.com/zuul/api/v1/securityGroup/getNavigations?userId=405,513,0,204
1666023835847,405,getNavigations,200,OK,Access Management 1-39,text,true,,38553,2659,9,9,https://ms.oodleslab.com/zuul/api/v1/securityGroup/getNavigations?userId=405,312,0,0
1666023835846,406,getNavigations,200,OK,Access Management 1-18,text,true,,38577,2659,9,9,https://ms.oodleslab.com/zuul/api/v1/securityGroup/getNavigations?userId=405,313,0,0
1666023835718,563,getNavigations,200,OK,Access Management 1-57,text,true,,38571,2659,7,7,https://ms.oodleslab.com/zuul/api/v1/securityGroup/getNavigations?userId=405,395,0,0
1666023835476,983,getNavigations,200,OK,Access Management 1-30,text,true,,38561,2659,6,6,https://ms.oodleslab.com/zuul/api/v1/securityGroup/getNavigations?userId=405,496,0,195
1666023836114,587,getNavigations,200,OK,Access Management 1-54,text,true,,38570,2659,5,5,https://ms.oodleslab.com/zuul/api/v1/securityGroup/getNavigations?userId=405,518,0,203
1666023836140,582,getNavigations,200,OK,Access Management 1-53,text,true,,38571,2659,4,4,https://ms.oodleslab.com/zuul/api/v1/securityGroup/getNavigations?userId=405,494,0,185
1666023834649,2157,getNavigations,200,OK,Access Management 1-46,text,true,,38573,2659,3,3,https://ms.oodleslab.com/zuul/api/v1/securityGroup/getNavigations?userId=405,1209,0,608
1666023836142,1259,getNavigations,200,OK,Access Management 1-3,text,true,,38563,2659,2,2,https://ms.oodleslab.com/zuul/api/v1/securityGroup/getNavigations?userId=405,600,0,175
1666023836020,3014,getNavigations,200,OK,Access Management 1-43,text,true,,38565,2659,1,1,https://ms.oodleslab.com/zuul/api/v1/securityGroup/getNavigations?userId=405,517,0,0
